<hibernate-configuration>
	<session-factory>


		<!-- JDBC related configuration for MYSQL -->
		<property name="hibernate.connection.driver_class">com.mysql.cj.jdbc.Driver</property>
		<property name="hibernate.connection.url">jdbc:mysql://localhost:3306/pwskills_octbatch
		</property>
		<property name="hibernate.connection.username">root</property>
		<property name="hibernate.connection.password">root123</property>


		<property name="hibernate.hbm2ddl.auto">update</property>

		<!-- Informing ORM to generate the query as per DBE -->
		<property name="hibernate.dialect">org.hibernate.dialect.MySQL8Dialect</property>

		<!-- To display the query generated by ORM -->
		<property name="hibernate.show_sql">true</property>

		<!-- To display the query generated by ORM in proper format -->
		<property name="hibernate.format_sql">true</property>


		<!-- providing HIKARICP configuration details -->
		<property name="hibernate.connection.provider_class">org.hibernate.hikaricp.internal.HikariCPConnectionProvider
		</property>

		<!-- HikariCP settings -->
		<property name="hikari.connectionTimeout">50000</property>

		<!-- when pool is created it maintains 10 objects in idle state -->
		<property name="hibernate.hikari.minimumIdle">10</property>

		<!-- grows to a size of 20 object -->
		<property name="hibernate.hikari.maximumPoolSize">20</property>

		<property name="hibernate.hikari.idleTimeout">30000</property>

	</session-factory>

</hibernate-configuration>