<?xml version="1.0"?>
<webRowSet xmlns="http://java.sun.com/xml/ns/jdbc" xmlns:xsi="http://www.w3.org/2001/XMLSchema-instance"
xsi:schemaLocation="http://java.sun.com/xml/ns/jdbc http://java.sun.com/xml/ns/jdbc/webrowset.xsd">
  <properties>
    <command>select eid,ename,esal,eaddress from employees</command>
    <concurrency>1008</concurrency>
    <datasource><null/></datasource>
    <escape-processing>true</escape-processing>
    <fetch-direction>1000</fetch-direction>
    <fetch-size>0</fetch-size>
    <isolation-level>2</isolation-level>
    <key-columns>
    </key-columns>
    <map>
    </map>
    <max-field-size>0</max-field-size>
    <max-rows>0</max-rows>
    <query-timeout>0</query-timeout>
    <read-only>true</read-only>
    <rowset-type>ResultSet.TYPE_SCROLL_INSENSITIVE</rowset-type>
    <show-deleted>false</show-deleted>
    <table-name>employees</table-name>
    <url>jdbc:mysql:///pwskills_octbatch</url>
    <sync-provider>
      <sync-provider-name>com.sun.rowset.providers.RIOptimisticProvider</sync-provider-name>
      <sync-provider-vendor>Oracle Corporation</sync-provider-vendor>
      <sync-provider-version>1.0</sync-provider-version>
      <sync-provider-grade>2</sync-provider-grade>
      <data-source-lock>1</data-source-lock>
    </sync-provider>
  </properties>
  <metadata>
    <column-count>4</column-count>
    <column-definition>
      <column-index>1</column-index>
      <auto-increment>true</auto-increment>
      <case-sensitive>false</case-sensitive>
      <currency>false</currency>
      <nullable>0</nullable>
      <signed>true</signed>
      <searchable>true</searchable>
      <column-display-size>10</column-display-size>
      <column-label>eid</column-label>
      <column-name>eid</column-name>
      <schema-name></schema-name>
      <column-precision>10</column-precision>
      <column-scale>0</column-scale>
      <table-name>employees</table-name>
      <catalog-name>pwskills_octbatch</catalog-name>
      <column-type>4</column-type>
      <column-type-name>INT</column-type-name>
    </column-definition>
    <column-definition>
      <column-index>2</column-index>
      <auto-increment>false</auto-increment>
      <case-sensitive>false</case-sensitive>
      <currency>false</currency>
      <nullable>1</nullable>
      <signed>false</signed>
      <searchable>true</searchable>
      <column-display-size>20</column-display-size>
      <column-label>ename</column-label>
      <column-name>ename</column-name>
      <schema-name></schema-name>
      <column-precision>20</column-precision>
      <column-scale>0</column-scale>
      <table-name>employees</table-name>
      <catalog-name>pwskills_octbatch</catalog-name>
      <column-type>12</column-type>
      <column-type-name>VARCHAR</column-type-name>
    </column-definition>
    <column-definition>
      <column-index>3</column-index>
      <auto-increment>false</auto-increment>
      <case-sensitive>false</case-sensitive>
      <currency>false</currency>
      <nullable>1</nullable>
      <signed>true</signed>
      <searchable>true</searchable>
      <column-display-size>10</column-display-size>
      <column-label>esal</column-label>
      <column-name>esal</column-name>
      <schema-name></schema-name>
      <column-precision>10</column-precision>
      <column-scale>0</column-scale>
      <table-name>employees</table-name>
      <catalog-name>pwskills_octbatch</catalog-name>
      <column-type>4</column-type>
      <column-type-name>INT</column-type-name>
    </column-definition>
    <column-definition>
      <column-index>4</column-index>
      <auto-increment>false</auto-increment>
      <case-sensitive>false</case-sensitive>
      <currency>false</currency>
      <nullable>1</nullable>
      <signed>false</signed>
      <searchable>true</searchable>
      <column-display-size>20</column-display-size>
      <column-label>eaddress</column-label>
      <column-name>eaddress</column-name>
      <schema-name></schema-name>
      <column-precision>20</column-precision>
      <column-scale>0</column-scale>
      <table-name>employees</table-name>
      <catalog-name>pwskills_octbatch</catalog-name>
      <column-type>12</column-type>
      <column-type-name>VARCHAR</column-type-name>
    </column-definition>
  </metadata>
  <data>
    <currentRow>
      <columnValue>1</columnValue>
      <columnValue>sachin</columnValue>
      <columnValue>35000</columnValue>
      <columnValue>MI</columnValue>
    </currentRow>
    <currentRow>
      <columnValue>3</columnValue>
      <columnValue>kohli</columnValue>
      <columnValue>35000</columnValue>
      <columnValue>RCB</columnValue>
    </currentRow>
    <currentRow>
      <columnValue>6</columnValue>
      <columnValue>Pandey</columnValue>
      <columnValue>36000</columnValue>
      <columnValue>GT</columnValue>
    </currentRow>
    <currentRow>
      <columnValue>8</columnValue>
      <columnValue>shahid</columnValue>
      <columnValue>36000</columnValue>
      <columnValue>RCB</columnValue>
    </currentRow>
    <currentRow>
      <columnValue>9</columnValue>
      <columnValue>savan</columnValue>
      <columnValue>35000</columnValue>
      <columnValue>CSK</columnValue>
    </currentRow>
    <currentRow>
      <columnValue>10</columnValue>
      <columnValue>Arvindh</columnValue>
      <columnValue>38000</columnValue>
      <columnValue>RCB</columnValue>
    </currentRow>
  </data>
</webRowSet>
