<?xml version='1.0' encoding='utf-8'?>
<!DOCTYPE hibernate-configuration PUBLIC
    "-//Hibernate/Hibernate Configuration DTD//EN"
    "http://hibernate.sourceforge.net/hibernate-configuration-3.0.dtd">

<hibernate-configuration>
	<session-factory>

		<!-- JDBC related configuration -->
		<property name="hibernate.connection.driver_class">com.mysql.cj.jdbc.Driver</property>
		<property name="hibernate.connection.url">jdbc:mysql://localhost:3306/pwskills_octbatch</property>
		<property name="hibernate.connection.username">root</property>
		<property name="hibernate.connection.password">root123</property>

		
		<property name="hibernate.hbm2ddl.auto">create-drop</property>

		<!-- Informing ORM to generate the query as per DBE -->
		<property name="hibernate.dialect">org.hibernate.dialect.MySQL8Dialect</property>

		<!-- To display the query generated by ORM -->
		<property name="hibernate.show_sql">true</property>

		<!-- To display the query generated by ORM in proper format -->
		<property name="hibernate.format_sql">true</property>

	</session-factory>

</hibernate-configuration>